# model	gender
150	m
151	m
152	m
156	m
157	m
158	m
159	m
160	m
161	m
162	m
163	m
164	m
165	m
167	m
168	m
169	m
170	m
171	m
173	m
176	m
177	m
178	m
179	m
180	m
181	m
182	m
183	m
184	m
185	m
186	m
187	m
188	m
189	m
190	m
191	m
192	m
193	m
194	m
195	m
196	m
197	m
198	m
199	m
200	m
201	m
202	m
203	m
204	m
205	m
206	m
207	m
208	m
209	m
210	m
211	m
212	m
213	m
214	m
215	m
216	m
217	m
218	m
219	m
220	m
221	m
223	m
224	m
225	m
226	m
227	m
228	m
229	m
230	m
231	m
232	m
233	m
234	m
235	m
236	m
238	m
239	m
240	m
241	m
242	m
243	m
244	m
246	m
247	m
248	m
249	m
250	m
251	m
252	m
253	m
254	m
255	m
256	m
257	m
258	m
259	m
260	m
261	m
262	m
263	m
264	m
265	m
266	m
267	m
268	m
269	m
270	m
271	m
272	m
273	m
274	m
275	m
276	m
277	m
278	m
279	m
280	m
281	m
282	m
283	m
284	m
285	m
286	m
287	m
288	m
289	m
290	m
291	m
292	m
293	m
294	m
295	m
296	m
297	m
298	m
299	m
300	m
301	m
302	m
303	m
304	m
305	m
306	m
307	m
308	m
309	m
310	m
311	m
312	m
313	m
314	m
315	m
317	m
318	m
320	m
321	m
322	m
323	m
324	m
325	m
326	m
327	m
328	m
329	m
330	m
331	f
332	f
333	f
337	f
339	f
340	f
341	f
342	f
343	f
344	f
346	f
347	f
348	f
349	f
351	f
352	f
353	f
354	f
355	f
356	f
358	f
359	f
360	f
361	f
362	f
363	f
364	f
365	f
366	f
367	f
368	f
369	f
370	f
371	f
372	f
373	f
374	f
375	f
376	f
377	f
378	f
379	f
380	f
381	f
382	f
383	f
384	f
385	f
386	f
387	f
388	f
389	f
390	f
391	f
392	f
393	f
394	f
395	f
396	f
398	f
399	f
400	f
401	f
402	f
403	f
404	f
405	f
406	f
407	f
408	f
410	f
414	f
416	f
417	f
419	f
420	f
421	f
422	f
423	f
424	f
425	f
426	f
427	f
428	f
429	f
430	f
431	f
432	f
433	f
434	f
435	f
436	f
437	f
438	f
440	f
441	f
443	f
444	f
445	f
446	f
447	f
448	f
449	f
450	f
451	f
452	f
453	f
454	f
455	f
456	f
457	f
458	f
459	f
460	f
461	f
462	f
463	f
464	f
465	f
466	f
467	f
468	f
469	f
470	f
471	f
472	f
473	f
474	f
475	f
476	f
477	f
478	f
479	f
480	f
481	f
482	f
483	f
484	f
730	m
1808	m
3188	m
3189	m
3190	m
3191	f
3192	f
3194	f
3329	m
3330	m
3331	f
3352	m
3353	f
3378	m
3379	m
3381	m
3382	f
3383	f
3598	m
3599	m
3614	m
3615	m
3616	m
3617	f
3618	f
3619	f
3660	m
3661	f
3667	m
3674	f
3675	f
3704	m
3705	m
3706	m
3707	m
3708	f
3709	f
3820	m
3821	f
3873	m
4019	m
4090	m
4112	m
4113	m
4114	m
4115	m
4116	m
4117	m
4118	f
4119	f
4120	f
4121	f
4122	f
4123	f
4206	m
4207	f
4218	m
4219	m
4220	m
4221	m
4222	m
4223	m
4224	m
4226	m
4227	m
4228	f
4230	f
4231	f
4232	f
4390	m
4391	m
4392	f
4604	m
4606	m
